"Treatment","Sal_mean.1","Sal_sd.1","Sal_mean.2","Sal_sd.2","Sal_mean.3","Sal_sd.3","Sal_mean.4","Sal_sd.4","Sal_mean.5","Sal_sd.5","Sal_mean.6","Sal_sd.6","Sal_mean.7","Sal_sd.7","Sal_mean.8","Sal_sd.8","Sal_mean.9","Sal_sd.9"
"Ambient+Placebo",31.4205878125,0.556586271554203,32.2552096167247,0.180193926429276,30.7642801041667,0.660058140433266,31.0685153819444,0.620647167683667,30.1522330555556,0.152339729522783,29.7883515972222,0.109379510037809,28.9006003125,1.0180123196548,30.2466062048611,0.593307387154112,27.4421401736111,0.935030992104753
"Ambient+Disease",31.4205878125,0.556586271554203,32.2552096167247,0.180193926429276,30.7642801041667,0.660058140433266,31.0685153819444,0.620647167683667,30.1522330555556,0.152339729522783,29.7883515972222,0.109379510037809,28.9006003125,1.0180123196548,30.2466062048611,0.593307387154112,27.4421401736111,0.935030992104753
"NH4+Placebo",31.4205878125,0.556586271554203,32.2552096167247,0.180193926429276,30.7642801041667,0.660058140433266,31.0685153819444,0.620647167683667,30.1522330555556,0.152339729522783,29.7883515972222,0.109379510037809,28.9006003125,1.0180123196548,30.2466062048611,0.593307387154112,27.4421401736111,0.935030992104753
"NH4+Disease",31.4205878125,0.556586271554203,32.2552096167247,0.180193926429276,30.7642801041667,0.660058140433266,31.0685153819444,0.620647167683667,30.1522330555556,0.152339729522783,29.7883515972222,0.109379510037809,28.9006003125,1.0180123196548,30.2466062048611,0.593307387154112,27.4421401736111,0.935030992104753
