"Treatment","Temp_mean.1","Temp_sd.1","Temp_mean.2","Temp_sd.2","Temp_mean.3","Temp_sd.3","Temp_mean.4","Temp_sd.4","Temp_mean.5","Temp_sd.5","Temp_mean.6","Temp_sd.6","Temp_mean.7","Temp_sd.7","Temp_mean.8","Temp_sd.8","Temp_mean.9","Temp_sd.9"
"Ambient+Placebo",27.8975218471258,0.151371122811073,27.9353295300099,0.1653035205101,27.9844448048115,0.0241802734518839,28.0098761952043,0.0266184692147764,28.009499874517,0.0282836026288733,27.5999762104782,0.659741449404512,27.9614414052826,0.0954422314761512,27.8852327860048,0.209880741969042,27.7077308370949,0.687723527148931
"Ambient+Disease",26.6341545271991,2.88775701066049,27.9756996505456,0.0891873407601303,27.9895859809028,0.0252535148930775,28.0240802483112,0.00875282551249518,28.0167534280754,0.0297440963640351,27.6162735104089,0.662900636863983,27.9698465886345,0.13224072472366,27.909353825737,0.198535170978415,27.7740112109375,0.512648114134346
"NH4+Placebo",27.9145119358603,0.138543883168081,28.1706502433036,0.551210229005112,27.9499671783234,0.128568062452361,28.0246570170255,0.00805991393632201,28.0205534556574,0.019973983697186,27.6185239544584,0.64139854376255,27.974838095499,0.0893187667294948,27.8867515800595,0.22451877777249,27.9881991067708,0.0313373963339399
"NH4+Disease",27.9210896511381,0.114198097185405,27.9958493556548,0.0582330235847608,27.9539937162698,0.138182090174302,28.0276093643669,0.00760136851362182,28.0254982091557,0.014933977245648,27.674970751597,0.574631238486554,27.9906976856775,0.0640166498337034,27.8841688646755,0.234735785431245,27.9805630833333,0.0351636646827446
